{
  "id": "",
  "name": "",
  "font_family": "iconfont",
  "css_prefix_text": "icon-",
  "description": "",
  "glyphs": [
    {
      "icon_id": "3876384",
      "name": "react",
      "font_class": "react",
      "unicode": "e64b",
      "unicode_decimal": 58955
    },
    {
      "icon_id": "3876428",
      "name": "webpack",
      "font_class": "webpack",
      "unicode": "e65b",
      "unicode_decimal": 58971
    },
    {
      "icon_id": "13744032",
      "name": "vue",
      "font_class": "vue",
      "unicode": "e69a",
      "unicode_decimal": 59034
    }
  ]
}
